Total root length,Travel distance,alpha,scaling distance to front,Total root length (random),Travel distance (random),alpha (random),scaling (random),PR length,PR_minimal_length,Basal Zone length,Branched Zone length,Apical Zone length,Mean LR lengths,Mean LR minimal lengths,Median LR lengths,Median LR minimal lengths,sum LR minimal lengths,Mean LR angles,Median LR angles,LR count,LR density,Branched Zone density,LR lengths,LR angles,LR minimal lengths,Barycenter x displacement,Barycenter y displacement,Total minimal Distance,Tortuosity,Convex Hull Area,filename
119.43471245683719,309.79993219152874,0.07,1.2570815395155983,190.28695396681857,517.2342054066828,0.1,2.089458446067683,80.52677587413334,69.79475971535449,3.6554283927330293,36.95885928172968,39.91248819967065,5.558276654671978,5.124172298148569,4.261528654132437,4.206990463942583,35.869206087039984,55.958439619410754,59.93141717813756,7,0.0022578599458939115,0.004919474933796515,"[1.9174034594637497, 12.711100871616964, 9.462017878851855, 1.4887742421931744, 5.284497512076406, 3.782613964369261, 4.261528654132437]","[21.250505507133255, 62.78388844269253, 61.29404745659892, 57.52880770915152, 74.05460409907714, 59.93141717813756, 54.86580694308437]","[1.8666995957226964, 10.589887837246657, 8.983333831393598, 1.471148286598057, 5.071258124411753, 3.6798879477246422, 4.206990463942583]",1.686147186147186,24.926406926406926,105.66396580239447,1.1303258547024047,18321.974025974025,_set1_day1_20231208-172027_001_plantE_day12
